{
"Hi":"*~අනේහ් ඉතිම් සූටි පැටියෝහ් හායි💗⃝🙈⃝🌼~*",
"Mk":"*මොනා කරන්නද අනේ ඔහේ ඉන්නවා🧏‍♂️*\n\n`මොකද කරන්නෙ ඔයා💗🙈`",
"Mn":"*මොකුත්ම නැද්ද ඉතිම් ආ🥹🙈🌼*",
"Hmm":"*මොකද බස්සෙක් වෙන්න ඕනි වෙලාද හලූ ඔයාත 🫣💗*",
"Manika":"*අලේ 🙃 මම ඒකට ආතයි💗🥰*\n\n*ඉතිම් කියන්නකො මැනික 🙃🙈💗*",
"Gn":"🧘⃞🖤̸྄̅̄̂ɢᷓ͜͡ᴏᴏ҉ᴅ ͜͡ ̶ɴⷬɪᷢɢ̸ⷶ͢ʜᷤᴛⷶ͜͡🍃⃦⃝🧘",
"Gm":"🍀⃝ගුට් මෝනිම් සූටි ලමයෝහ්🌼⃝⃕🥇̶⃮⃖😻̶᭄",
"Bye":"*හා හා යන්නකු මම ආයෙ ඔය ළමයා එක්ක කතා කලන්නෙ නෑ නෑ නෑ නෑ නෑමයි☹️*\n\n\nටිකක් වෙලා ඉන්නවකු අනේ😫💗",
"Good Morning":"🍀⃝⃕ගුට්මෝනිම් ලමයෝහ්ු🥇̶⃮⃖😻̶᭄",
"Good Night":"🧘⃞🖤̸྄̅̄̂ɢᷓ͜͡ᴏᴏ҉ᴅ ͜͡ ̶ɴⷬɪᷢɢ̸ⷶ͢ʜᷤᴛⷶ͜͡🍃⃦⃝🧘",
"Ai":"*ඇයි උබ ඇයි ඇයි ගාන්නේ මෝඩයා*",
"sududa":"*අනේ මෝඩයෝ මම ලන්කාවේ ඒකනිසා මගේ කොහොමද පු# සුදුවෙන්නේ කියපන්කෝ*",
"queen":"*ඔයා queen ව දන්නේ නැද්ද අනේ එයා තමා Q U E E N X ＭＤඑකේ Owner*",
"pi":"*හ්ම්ම්ම්🥺 ඔයත් පරිස්සමින් ඉන්න හොදද හොද ළමයා වගේ💗🥰🌼*",
"ewpn":"*වීඩියෝ එකද ඕනි බන් Play Story එකෙන් Status Dawnload App එක ගනිම් කො 😒 වැඩේ ලේසීනේ*",
"ewannako":"මට බැ 😹!",
"sorry":"*වැරැද්දක් කරලා සොරි කියන පුරුද්ද අමතක කරගන්න හරිද😒*",
"😂":"ඇයි හිනා වෙන්නෙ *ගුලියක්වත් කෑවද😹*",
"👍":"`එලම` *පිට් තමා ඈ*",
"කෑවද බන්":"සූට්ටක් කෑවා අනීහ් 😫❤️",
"I Love You":"*I Miss You Baby🥺💗*",
"Support":"_SUPPORT BY_QUEEN(+94785893445)*",
"සුදූ":"අනේහ් මගෙ මැණික🥹💗 කියන්නකො ඉතිම්"
}
