{".alive":"https://cdn.vioo.my.id/v/HtTpFx.mp4",
"Hi":"https://cdn.vioo.my.id/v/vVbDmv.mp4",
"Gm":"https://cdn.vioo.my.id/v/DukEuW.mp4",
"mk":"https://cdn.vioo.my.id/v/YOCndw.mp4",
"Huththa":"https://cdn.vioo.my.id/v/BSnmfl.mp4",
"Gn":"https://cdn.vioo.my.id/v/oAXIhj.mp4",
"Bye":"https://cdn.vioo.my.id/v/sPPpuy.mp4",
"Adarey":"https://cdn.vioo.my.id/v/gReetf.mp4",
"Bs":"https://cdn.vioo.my.id/v/joyDvI.mp4",
"Kavada":"https://cdn.vioo.my.id/v/fjxCuM.mp4",
".menu":"https://cdn.vioo.my.id/v/QKSDjV.mp4"}
